"Similarity";"ChEMBL ID";"Name";"Synonyms";"Type";"Max Phase";"Molecular Weight";"Targets";"Bioactivities";"AlogP";"Polar Surface Area";"HBA";"HBD";"#RO5 Violations";"#Rotatable Bonds";"Passes Ro3";"QED Weighted";"Aromatic Rings";"Structure Type";"Inorganic Flag";"Heavy Atoms";"Np Likeness Score";"Molecular Formula";"Smiles";"Inchi Key";"Inchi";"Withdrawn Flag";"Orphan";"Records Key";"Records Name"
"100";"CHEMBL5182387";"";"";"";"";"342.70";"1";"1";"5.18";"12.03";"1";"1";"1";"2";"N";"0.81";"2";"MOL";"-1";"20";"0.12";"C17H18Cl3N";"CN[C@H]1CC[C@H](c2ccc(Cl)c(Cl)c2)c2ccccc21.Cl";"BLFQGGGGFNSJKA-KELGLJHESA-N";"InChI=1S/C17H17Cl2N.ClH/c1-20-17-9-7-12(13-4-2-3-5-14(13)17)11-6-8-15(18)16(19)10-11;/h2-6,8,10,12,17,20H,7,9H2,1H3;1H/t12-,17+;/m1./s1";"False";"-1";"['trans-Sertraline']";"['trans-Sertraline']"
"100";"CHEMBL5221702";"";"";"";"";"306.24";"";"";"5.18";"12.03";"1";"1";"1";"2";"N";"0.81";"2";"MOL";"-1";"20";"0.12";"C17H17Cl2N";"CN[C@H]1CC[C@H](c2ccc(Cl)c(Cl)c2)c2ccccc21";"VGKDLMBJGBXTGI-PXAZEXFGSA-N";"InChI=1S/C17H17Cl2N/c1-20-17-9-7-12(13-4-2-3-5-14(13)17)11-6-8-15(18)16(19)10-11/h2-6,8,10,12,17,20H,7,9H2,1H3/t12-,17+/m1/s1";"False";"-1";"";""
"100";"CHEMBL252744";"";"";"Small molecule";"";"306.24";"14";"22";"5.18";"12.03";"1";"1";"1";"2";"N";"0.81";"2";"MOL";"-1";"20";"0.12";"C17H17Cl2N";"CN[C@@H]1CC[C@H](c2ccc(Cl)c(Cl)c2)c2ccccc21";"VGKDLMBJGBXTGI-SJKOYZFVSA-N";"InChI=1S/C17H17Cl2N/c1-20-17-9-7-12(13-4-2-3-5-14(13)17)11-6-8-15(18)16(19)10-11/h2-6,8,10,12,17,20H,7,9H2,1H3/t12-,17-/m1/s1";"False";"-1";"['COVC-0673356953', 'SID49665111']";"['SERTRALINE HYDROCHLORIDE', 'SID49665111']"
"100";"CHEMBL1415862";"";"";"Small molecule";"";"342.70";"13";"20";"5.18";"12.03";"1";"1";"1";"2";"N";"0.81";"2";"MOL";"-1";"20";"0.12";"C17H18Cl3N";"CNC1CCC(c2ccc(Cl)c(Cl)c2)c2ccccc21.Cl";"BLFQGGGGFNSJKA-UHFFFAOYSA-N";"InChI=1S/C17H17Cl2N.ClH/c1-20-17-9-7-12(13-4-2-3-5-14(13)17)11-6-8-15(18)16(19)10-11;/h2-6,8,10,12,17,20H,7,9H2,1H3;1H";"False";"-1";"['SID26749007']";"['SID26749007']"
"100";"CHEMBL190573";"";"";"Small molecule";"";"306.24";"2";"63";"5.18";"12.03";"1";"1";"1";"2";"N";"0.81";"2";"MOL";"-1";"20";"0.12";"C17H17Cl2N";"CNC1CCC(c2ccc(Cl)c(Cl)c2)c2ccccc21";"VGKDLMBJGBXTGI-UHFFFAOYSA-N";"InChI=1S/C17H17Cl2N/c1-20-17-9-7-12(13-4-2-3-5-14(13)17)11-6-8-15(18)16(19)10-11/h2-6,8,10,12,17,20H,7,9H2,1H3";"False";"-1";"['100 (table SI)', 'SERTRALINE']";"['4-(3,4-dichlorophenyl)-N-methyl-1,2,3,4-tetrahydronaphthalen-1-amine', 'SERTRALINE']"
"100";"CHEMBL4212624";"";"";"Small molecule";"";"342.70";"5";"8";"5.18";"12.03";"1";"1";"1";"2";"N";"0.81";"2";"MOL";"-1";"20";"0.12";"C17H18Cl3N";"CN[C@@H]1CC[C@H](c2ccc(Cl)c(Cl)c2)c2ccccc21.Cl";"BLFQGGGGFNSJKA-JSUROZADSA-N";"InChI=1S/C17H17Cl2N.ClH/c1-20-17-9-7-12(13-4-2-3-5-14(13)17)11-6-8-15(18)16(19)10-11;/h2-6,8,10,12,17,20H,7,9H2,1H3;1H/t12-,17-;/m1./s1";"False";"-1";"['1']";"['Setraline Hydrochloride']"
"100";"CHEMBL1788361";"";"";"Small molecule";"";"342.70";"16";"952";"5.18";"12.03";"1";"1";"1";"2";"N";"0.81";"2";"MOL";"-1";"20";"0.12";"C17H18Cl3N";"CN[C@@H]1CC[C@@H](c2ccc(Cl)c(Cl)c2)c2ccccc21.Cl";"BLFQGGGGFNSJKA-LWHGMNCYSA-N";"InChI=1S/C17H17Cl2N.ClH/c1-20-17-9-7-12(13-4-2-3-5-14(13)17)11-6-8-15(18)16(19)10-11;/h2-6,8,10,12,17,20H,7,9H2,1H3;1H/t12-,17+;/m0./s1";"False";"-1";"['7', 'EUB0001468aCl', 'EUB0001468aCl', 'EUB0001468aCl']";"['[4-(3,4-Dichloro-phenyl)-1,2,3,4-tetrahydro-naphthalen-1-yl]-methyl-amine HCl', 'Sertraline', 'Sertraline', 'Sertraline']"
"100";"CHEMBL284994";"";"";"Small molecule";"";"306.24";"5";"13";"5.18";"12.03";"1";"1";"1";"2";"N";"0.81";"2";"MOL";"-1";"20";"0.12";"C17H17Cl2N";"CN[C@@H]1CC[C@@H](c2ccc(Cl)c(Cl)c2)c2ccccc21";"VGKDLMBJGBXTGI-YVEFUNNKSA-N";"InChI=1S/C17H17Cl2N/c1-20-17-9-7-12(13-4-2-3-5-14(13)17)11-6-8-15(18)16(19)10-11/h2-6,8,10,12,17,20H,7,9H2,1H3/t12-,17+/m0/s1";"False";"-1";"['1', '49', '48', '(+/-)-Trans-SSRI']";"['(1R,4S)-trans-Sertraline', '[4-(3,4-Dichloro-phenyl)-1,2,3,4-tetrahydro-naphthalen-1-yl]-methyl-amine', '[4-(3,4-Dichloro-phenyl)-1,2,3,4-tetrahydro-naphthalen-1-yl]-methyl-amine', '(+/-)-trans-Sertraline; trans-4-(3,4-dichlorophenyl)-N-methyl-1,2,3,4-tetrahydronaphthalen-1-amine']"
"100";"CHEMBL1709";"SERTRALINE HYDROCHLORIDE";"AREMIS|BESITRON|CP-51,974-1|CP-51974-1|LUSTRAL|NSC-746308|NSC-758948|SERTRALINE (AS HYDROCHLORIDE)|SERTRALINE HCL|SERTRALINE HYDROCHLORIDE|ZOLOFT";"Small molecule";"4.0";"342.70";"52";"142";"5.18";"12.03";"1";"1";"1";"2";"N";"0.81";"2";"MOL";"0";"20";"0.12";"C17H18Cl3N";"CN[C@H]1CC[C@@H](c2ccc(Cl)c(Cl)c2)c2ccccc21.Cl";"BLFQGGGGFNSJKA-XHXSRVRCSA-N";"InChI=1S/C17H17Cl2N.ClH/c1-20-17-9-7-12(13-4-2-3-5-14(13)17)11-6-8-15(18)16(19)10-11;/h2-6,8,10,12,17,20H,7,9H2,1H3;1H/t12-,17-;/m0./s1";"False";"0";"['SERTRALINE HYDROCHLORIDE', 'SID170465121', 'NCGC00094194-01', 'SID26753614', 'SERTRALINE HYDROCHLORIDE', '27', 'SID26719805', 'Sertraline.HCl', 'SID144204750', 'SID26753298', 'SERTRALINE HYDROCHLORIDE', 'SERTRALINE HYDROCHLORIDE', 'SERTRALINE HYDROCHLORIDE', 'SERTRALINE HYDROCHLORIDE', 'SID49681568', 'cis-Sertraline', 'SERTRALINE HYDROCHLORIDE', 'SAM001246666', 'SERTRALINE HYDROCHLORIDE', 'EOS101069']";"['SERTRALINE HYDROCHLORIDE', 'SID170465121', 'Sertraline hydrochloride', 'SID26753614', 'SERTRALINE HYDROCHLORIDE', '[4-(3,4-Dichloro-phenyl)-1,2,3,4-tetrahydro-naphthalen-1-yl]-methyl-amine HCl', 'SID26719805', 'Sertraline.HCl', 'SID144204750', 'SID26753298', 'SERTRALINE HYDROCHLORIDE', 'SERTRALINE HYDROCHLORIDE', 'SERTRALINE HYDROCHLORIDE', 'SERTRALINE HYDROCHLORIDE', 'SID49681568', 'cis-Sertraline', 'SERTRALINE HYDROCHLORIDE', 'C0164638', 'SERTRALINE HYDROCHLORIDE', 'Sertraline (hydrochloride)']"
